prediction_date_utc,scored_date_utc,full_name,html_url,stars_at_prediction,stars_after_7d,delta_stars,breakout_threshold,breakout_actual,p_breakout_7d,brier_score,stars_pred_7d,abs_error_stars,model
2025-12-15,2025-12-22,zai-org/Open-AutoGLM,https://github.com/zai-org/Open-AutoGLM,15054,18609,3555,7527,0,0.9699,0.940706,35976,17367,heuristic_logistic_v1
2025-12-15,2025-12-22,assetnote/react2shell-scanner,https://github.com/assetnote/react2shell-scanner,2191,2294,103,1095,0,0.593,0.351649,3793,1499,heuristic_logistic_v1
2025-12-15,2025-12-22,HKUDS/Paper2Slides,https://github.com/HKUDS/Paper2Slides,1987,2431,444,993,0,0.9243,0.85433,4316,1885,heuristic_logistic_v1
2025-12-15,2025-12-22,mistralai/mistral-vibe,https://github.com/mistralai/mistral-vibe,1977,2249,272,988,0,0.8691,0.755335,4764,2515,heuristic_logistic_v1
2025-12-15,2025-12-22,byJoey/ech-wk,https://github.com/byJoey/ech-wk,1294,1497,203,647,0,0.8379,0.702076,2598,1101,heuristic_logistic_v1
2025-12-15,2025-12-22,msanft/CVE-2025-55182,https://github.com/msanft/CVE-2025-55182,1230,1278,48,615,0,0.6208,0.385393,2160,882,heuristic_logistic_v1
2025-12-15,2025-12-22,guhcostan/mac-cleaner-cli,https://github.com/guhcostan/mac-cleaner-cli,1194,1369,175,597,0,0.8114,0.65837,2188,819,heuristic_logistic_v1
2025-12-15,2025-12-22,PastKing/tgbot-verify,https://github.com/PastKing/tgbot-verify,1165,1420,255,582,0,0.8576,0.735478,2491,1071,heuristic_logistic_v1
2025-12-15,2025-12-22,gommzystudio/device-activity-tracker,https://github.com/gommzystudio/device-activity-tracker,998,1402,404,499,0,0.882,0.777924,2199,797,heuristic_logistic_v1
2025-12-15,2025-12-22,Alibaba-Quark/LiveAvatar,https://github.com/Alibaba-Quark/LiveAvatar,976,1149,173,488,0,0.7827,0.612619,1773,624,heuristic_logistic_v1
2025-12-15,2025-12-22,cporter202/API-mega-list,https://github.com/cporter202/API-mega-list,975,1580,605,487,1,0.7231,0.076674,2452,872,heuristic_logistic_v1
2025-12-15,2025-12-22,SawyerHood/dev-browser,https://github.com/SawyerHood/dev-browser,888,1381,493,444,1,0.7905,0.04389,1519,138,heuristic_logistic_v1
2025-12-15,2025-12-22,lachlan2k/React2Shell-CVE-2025-55182-original-poc,https://github.com/lachlan2k/React2Shell-CVE-2025-55182-original-poc,883,954,71,441,0,0.3894,0.151632,1521,567,heuristic_logistic_v1
2025-12-15,2025-12-22,eooce/Gla-deploy,https://github.com/eooce/Gla-deploy,858,1217,359,429,0,0.9355,0.87516,5233,4016,heuristic_logistic_v1
2025-12-15,2025-12-22,cporter202/scraping-apis-for-devs,https://github.com/cporter202/scraping-apis-for-devs,827,1109,282,413,0,0.812,0.659344,2455,1346,heuristic_logistic_v1
2025-12-15,2025-12-22,durable-streams/durable-streams,https://github.com/durable-streams/durable-streams,784,959,175,392,0,0.858,0.736164,1479,520,heuristic_logistic_v1
2025-12-15,2025-12-22,ejpir/CVE-2025-55182-research,https://github.com/ejpir/CVE-2025-55182-research,772,782,10,386,0,0.5933,0.352005,1317,535,heuristic_logistic_v1
2025-12-15,2025-12-22,TanShilongMario/PromptFill,https://github.com/TanShilongMario/PromptFill,695,935,240,347,0,0.7824,0.61215,1401,466,heuristic_logistic_v1
2025-12-15,2025-12-22,actionstatelabs/android-action-kernel,https://github.com/actionstatelabs/android-action-kernel,664,1197,533,332,1,0.899,0.010201,2265,1068,heuristic_logistic_v1
2025-12-15,2025-12-22,zai-org/GLM-TTS,https://github.com/zai-org/GLM-TTS,626,760,134,313,0,0.7641,0.583849,1229,469,heuristic_logistic_v1
2025-12-15,2025-12-22,typsusan-zzz/canvas-drawing-editor,https://github.com/typsusan-zzz/canvas-drawing-editor,615,547,-68,307,0,0.6395,0.40896,1333,786,heuristic_logistic_v1
2025-12-15,2025-12-22,tombcato/clash-ip-checker,https://github.com/tombcato/clash-ip-checker,608,812,204,304,0,0.9138,0.83503,2802,1990,heuristic_logistic_v1
2025-12-15,2025-12-22,tobi/qmd,https://github.com/tobi/qmd,572,591,19,286,0,0.8238,0.678646,1339,748,heuristic_logistic_v1
2025-12-15,2025-12-22,zai-org/GLM-ASR,https://github.com/zai-org/GLM-ASR,510,594,84,255,0,0.7794,0.607464,1315,721,heuristic_logistic_v1
2025-12-15,2025-12-22,mrknow001/RSC_Detector,https://github.com/mrknow001/RSC_Detector,487,503,16,243,0,0.3311,0.109627,824,321,heuristic_logistic_v1
2025-12-15,2025-12-22,ringtailsoftware/uvm32,https://github.com/ringtailsoftware/uvm32,447,566,119,223,0,0.8373,0.701071,918,352,heuristic_logistic_v1
2025-12-15,2025-12-22,ZiHuixi/QQgroup-annual-report-analyzer,https://github.com/ZiHuixi/QQgroup-annual-report-analyzer,440,648,208,220,0,0.8679,0.75325,1326,678,heuristic_logistic_v1
2025-12-15,2025-12-22,meituan-longcat/LongCat-Image,https://github.com/meituan-longcat/LongCat-Image,424,490,66,212,0,0.7022,0.493085,724,234,heuristic_logistic_v1
2025-12-15,2025-12-22,farouqaldori/claude-island,https://github.com/farouqaldori/claude-island,402,541,139,201,0,0.7692,0.591669,966,425,heuristic_logistic_v1
2025-12-15,2025-12-22,karpathy/hn-time-capsule,https://github.com/karpathy/hn-time-capsule,389,473,84,200,0,0.6915,0.478172,1096,623,heuristic_logistic_v1
2025-12-16,2025-12-23,zai-org/Open-AutoGLM,https://github.com/zai-org/Open-AutoGLM,16021,18897,2876,8010,0,0.9696,0.940124,35490,16593,heuristic_logistic_v1
2025-12-16,2025-12-23,assetnote/react2shell-scanner,https://github.com/assetnote/react2shell-scanner,2221,2301,80,1110,0,0.5249,0.27552,3658,1357,heuristic_logistic_v1
2025-12-16,2025-12-23,HKUDS/Paper2Slides,https://github.com/HKUDS/Paper2Slides,2107,2455,348,1053,0,0.9107,0.829374,4292,1837,heuristic_logistic_v1
2025-12-16,2025-12-23,mistralai/mistral-vibe,https://github.com/mistralai/mistral-vibe,2032,2271,239,1016,0,0.8323,0.692723,4476,2205,heuristic_logistic_v1
2025-12-16,2025-12-23,byJoey/ech-wk,https://github.com/byJoey/ech-wk,1324,1512,188,662,0,0.7962,0.633934,2503,991,heuristic_logistic_v1
2025-12-16,2025-12-23,msanft/CVE-2025-55182,https://github.com/msanft/CVE-2025-55182,1240,1282,42,620,0,0.5529,0.305698,2068,786,heuristic_logistic_v1
2025-12-16,2025-12-23,guhcostan/mac-cleaner-cli,https://github.com/guhcostan/mac-cleaner-cli,1238,1376,138,619,0,0.8743,0.7644,2209,833,heuristic_logistic_v1
2025-12-16,2025-12-23,PastKing/tgbot-verify,https://github.com/PastKing/tgbot-verify,1225,1453,228,612,0,0.8207,0.673548,2445,992,heuristic_logistic_v1
2025-12-16,2025-12-23,gommzystudio/device-activity-tracker,https://github.com/gommzystudio/device-activity-tracker,1090,1423,333,545,0,0.8526,0.726927,2236,813,heuristic_logistic_v1
2025-12-16,2025-12-23,cporter202/API-mega-list,https://github.com/cporter202/API-mega-list,1027,1899,872,513,1,0.6617,0.114447,2311,412,heuristic_logistic_v1
2025-12-16,2025-12-23,eooce/Gla-deploy,https://github.com/eooce/Gla-deploy,1020,1232,212,510,0,0.9297,0.864342,4401,3169,heuristic_logistic_v1
2025-12-16,2025-12-23,Alibaba-Quark/LiveAvatar,https://github.com/Alibaba-Quark/LiveAvatar,1006,1163,157,503,0,0.733,0.537289,1740,577,heuristic_logistic_v1
2025-12-16,2025-12-23,cporter202/scraping-apis-for-devs,https://github.com/cporter202/scraping-apis-for-devs,959,1114,155,479,0,0.7683,0.590285,2477,1363,heuristic_logistic_v1
2025-12-16,2025-12-23,SawyerHood/dev-browser,https://github.com/SawyerHood/dev-browser,938,1401,463,469,0,0.868,0.753424,1578,177,heuristic_logistic_v1
2025-12-16,2025-12-23,lachlan2k/React2Shell-CVE-2025-55182-original-poc,https://github.com/lachlan2k/React2Shell-CVE-2025-55182-original-poc,897,962,65,448,0,0.3256,0.106015,1464,502,heuristic_logistic_v1
2025-12-16,2025-12-23,actionstatelabs/android-action-kernel,https://github.com/actionstatelabs/android-action-kernel,862,1204,342,431,0,0.8777,0.770357,2500,1296,heuristic_logistic_v1
2025-12-16,2025-12-23,durable-streams/durable-streams,https://github.com/durable-streams/durable-streams,806,970,164,403,0,0.8605,0.74046,1459,489,heuristic_logistic_v1
2025-12-16,2025-12-23,ejpir/CVE-2025-55182-research,https://github.com/ejpir/CVE-2025-55182-research,774,784,10,387,0,0.5241,0.274681,1258,474,heuristic_logistic_v1
2025-12-16,2025-12-23,TanShilongMario/PromptFill,https://github.com/TanShilongMario/PromptFill,738,1148,410,369,1,0.878,0.014884,1441,293,heuristic_logistic_v1
2025-12-16,2025-12-23,tombcato/clash-ip-checker,https://github.com/tombcato/clash-ip-checker,685,816,131,342,0,0.892,0.795664,2457,1641,heuristic_logistic_v1
2025-12-16,2025-12-23,zai-org/GLM-TTS,https://github.com/zai-org/GLM-TTS,657,773,116,328,0,0.7131,0.508512,1213,440,heuristic_logistic_v1
2025-12-16,2025-12-23,tobi/qmd,https://github.com/tobi/qmd,580,595,15,290,0,0.8474,0.718087,1265,670,heuristic_logistic_v1
2025-12-16,2025-12-23,typsusan-zzz/canvas-drawing-editor,https://github.com/typsusan-zzz/canvas-drawing-editor,541,550,9,270,0,0.5571,0.31036,1072,522,heuristic_logistic_v1
2025-12-16,2025-12-23,zai-org/GLM-ASR,https://github.com/zai-org/GLM-ASR,540,601,61,270,0,0.7262,0.527366,1245,644,heuristic_logistic_v1
2025-12-16,2025-12-23,ZiHuixi/QQgroup-annual-report-analyzer,https://github.com/ZiHuixi/QQgroup-annual-report-analyzer,536,656,120,268,0,0.8642,0.746842,1421,765,heuristic_logistic_v1
2025-12-16,2025-12-23,mrknow001/RSC_Detector,https://github.com/mrknow001/RSC_Detector,489,505,16,244,0,0.2712,0.073549,786,281,heuristic_logistic_v1
2025-12-16,2025-12-23,ringtailsoftware/uvm32,https://github.com/ringtailsoftware/uvm32,483,570,87,241,0,0.846,0.715716,941,371,heuristic_logistic_v1
2025-12-16,2025-12-23,meituan-longcat/LongCat-Image,https://github.com/meituan-longcat/LongCat-Image,438,497,59,219,0,0.6443,0.415122,716,219,heuristic_logistic_v1
2025-12-16,2025-12-23,farouqaldori/claude-island,https://github.com/farouqaldori/claude-island,436,544,108,218,0,0.7178,0.515237,951,407,heuristic_logistic_v1
2025-12-16,2025-12-23,meltylabs/chorus,https://github.com/meltylabs/chorus,421,534,113,210,0,0.7956,0.632979,1125,591,heuristic_logistic_v1
2025-12-17,2025-12-24,zai-org/Open-AutoGLM,https://github.com/zai-org/Open-AutoGLM,16837,19152,2315,8418,0,0.9616,0.924675,34952,15800,heuristic_logistic_v1
2025-12-17,2025-12-24,assetnote/react2shell-scanner,https://github.com/assetnote/react2shell-scanner,2242,2304,62,1121,0,0.4563,0.20821,3532,1228,heuristic_logistic_v1
2025-12-17,2025-12-24,HKUDS/Paper2Slides,https://github.com/HKUDS/Paper2Slides,2202,2476,274,1101,0,0.8864,0.785705,4237,1761,heuristic_logistic_v1
2025-12-17,2025-12-24,mistralai/mistral-vibe,https://github.com/mistralai/mistral-vibe,2073,2298,225,1036,0,0.7883,0.621417,4231,1933,heuristic_logistic_v1
2025-12-17,2025-12-24,byJoey/ech-wk,https://github.com/byJoey/ech-wk,1355,1533,178,677,0,0.7476,0.558906,2427,894,heuristic_logistic_v1
2025-12-17,2025-12-24,guhcostan/mac-cleaner-cli,https://github.com/guhcostan/mac-cleaner-cli,1286,1383,97,643,0,0.8421,0.709132,2203,820,heuristic_logistic_v1
2025-12-17,2025-12-24,PastKing/tgbot-verify,https://github.com/PastKing/tgbot-verify,1272,1495,223,636,0,0.7769,0.603574,2390,895,heuristic_logistic_v1
2025-12-17,2025-12-24,msanft/CVE-2025-55182,https://github.com/msanft/CVE-2025-55182,1249,1283,34,624,0,0.4834,0.233676,1990,707,heuristic_logistic_v1
2025-12-17,2025-12-24,gommzystudio/device-activity-tracker,https://github.com/gommzystudio/device-activity-tracker,1181,1433,252,590,0,0.8177,0.668633,2278,845,heuristic_logistic_v1
2025-12-17,2025-12-24,cporter202/API-mega-list,https://github.com/cporter202/API-mega-list,1143,2115,972,571,1,0.6026,0.157927,2350,235,heuristic_logistic_v1
2025-12-17,2025-12-24,actionstatelabs/android-action-kernel,https://github.com/actionstatelabs/android-action-kernel,1116,1211,95,558,0,0.9001,0.81018,2894,1683,heuristic_logistic_v1
2025-12-17,2025-12-24,eooce/Gla-deploy,https://github.com/eooce/Gla-deploy,1083,1241,158,541,0,0.9236,0.853037,3738,2497,heuristic_logistic_v1
2025-12-17,2025-12-24,apple/ml-sharp,https://github.com/apple/ml-sharp,1049,4963,3914,524,1,0.7396,0.067808,2808,2155,heuristic_logistic_v1
2025-12-17,2025-12-24,Alibaba-Quark/LiveAvatar,https://github.com/Alibaba-Quark/LiveAvatar,1035,1173,138,517,0,0.6771,0.458464,1713,540,heuristic_logistic_v1
2025-12-17,2025-12-24,cporter202/scraping-apis-for-devs,https://github.com/cporter202/scraping-apis-for-devs,1022,1123,101,511,0,0.7138,0.50951,2358,1235,heuristic_logistic_v1
2025-12-17,2025-12-24,lachlan2k/React2Shell-CVE-2025-55182-original-poc,https://github.com/lachlan2k/React2Shell-CVE-2025-55182-original-poc,917,965,48,458,0,0.2692,0.072469,1431,466,heuristic_logistic_v1
2025-12-17,2025-12-24,code-yeongyu/oh-my-opencode,https://github.com/code-yeongyu/oh-my-opencode,846,2627,1781,423,1,0.8634,0.01866,1393,1234,heuristic_logistic_v1
2025-12-17,2025-12-24,productdevbook/port-killer,https://github.com/productdevbook/port-killer,845,2460,1615,422,1,0.9392,0.003697,7157,4697,heuristic_logistic_v1
2025-12-17,2025-12-24,durable-streams/durable-streams,https://github.com/durable-streams/durable-streams,836,1011,175,418,0,0.8508,0.723861,1456,445,heuristic_logistic_v1
2025-12-17,2025-12-24,TanShilongMario/PromptFill,https://github.com/TanShilongMario/PromptFill,776,1249,473,388,1,0.8469,0.02344,1437,188,heuristic_logistic_v1
2025-12-17,2025-12-24,ejpir/CVE-2025-55182-research,https://github.com/ejpir/CVE-2025-55182-research,776,785,9,388,0,0.4545,0.20657,1209,424,heuristic_logistic_v1
2025-12-17,2025-12-24,google/mcp,https://github.com/google/mcp,737,2492,1755,368,1,0.8501,0.02247,1322,1170,heuristic_logistic_v1
2025-12-17,2025-12-24,tombcato/clash-ip-checker,https://github.com/tombcato/clash-ip-checker,733,821,88,366,0,0.8891,0.790499,2216,1395,heuristic_logistic_v1
2025-12-17,2025-12-24,zai-org/GLM-TTS,https://github.com/zai-org/GLM-TTS,698,779,81,349,0,0.8639,0.746323,1276,497,heuristic_logistic_v1
2025-12-17,2025-12-24,ZiHuixi/QQgroup-annual-report-analyzer,https://github.com/ZiHuixi/QQgroup-annual-report-analyzer,588,667,79,294,0,0.8798,0.774048,1417,750,heuristic_logistic_v1
2025-12-17,2025-12-24,tobi/qmd,https://github.com/tobi/qmd,582,596,14,291,0,0.8051,0.648186,1179,583,heuristic_logistic_v1
2025-12-17,2025-12-24,zai-org/GLM-ASR,https://github.com/zai-org/GLM-ASR,561,605,44,280,0,0.6658,0.44329,1179,574,heuristic_logistic_v1
2025-12-17,2025-12-24,typsusan-zzz/canvas-drawing-editor,https://github.com/typsusan-zzz/canvas-drawing-editor,541,542,1,270,0,0.4835,0.233772,995,453,heuristic_logistic_v1
2025-12-17,2025-12-24,ringtailsoftware/uvm32,https://github.com/ringtailsoftware/uvm32,515,573,58,257,0,0.8457,0.715208,957,384,heuristic_logistic_v1
2025-12-17,2025-12-24,gaearon/rscexplorer,https://github.com/gaearon/rscexplorer,514,862,348,257,1,0.9197,0.006448,5378,4516,heuristic_logistic_v1
2025-12-18,2025-12-25,zai-org/Open-AutoGLM,https://github.com/zai-org/Open-AutoGLM,17465,19345,1880,8732,0,0.9686,0.938186,34420,15075,heuristic_logistic_v1
2025-12-18,2025-12-25,apple/ml-sharp,https://github.com/apple/ml-sharp,2582,5069,2487,1291,1,0.7592,0.057985,6246,1177,heuristic_logistic_v1
2025-12-18,2025-12-25,HKUDS/Paper2Slides,https://github.com/HKUDS/Paper2Slides,2271,2503,232,1135,0,0.856,0.732736,4154,1651,heuristic_logistic_v1
2025-12-18,2025-12-25,assetnote/react2shell-scanner,https://github.com/assetnote/react2shell-scanner,2261,2309,48,1130,0,0.3894,0.151632,3424,1115,heuristic_logistic_v1
2025-12-18,2025-12-25,mistralai/mistral-vibe,https://github.com/mistralai/mistral-vibe,2104,2320,216,1052,0,0.7369,0.543022,4018,1698,heuristic_logistic_v1
2025-12-18,2025-12-25,google/mcp,https://github.com/google/mcp,1672,2529,857,836,1,0.8609,0.019349,2900,371,heuristic_logistic_v1
2025-12-18,2025-12-25,byJoey/ech-wk,https://github.com/byJoey/ech-wk,1375,1545,170,687,0,0.6919,0.478726,2346,801,heuristic_logistic_v1
2025-12-18,2025-12-25,productdevbook/port-killer,https://github.com/productdevbook/port-killer,1361,2473,1112,680,1,0.9369,0.003982,7059,4586,heuristic_logistic_v1
2025-12-18,2025-12-25,guhcostan/mac-cleaner-cli,https://github.com/guhcostan/mac-cleaner-cli,1330,1387,57,665,0,0.8038,0.646094,2194,807,heuristic_logistic_v1
2025-12-18,2025-12-25,PastKing/tgbot-verify,https://github.com/PastKing/tgbot-verify,1322,1523,201,661,0,0.7267,0.528093,2354,831,heuristic_logistic_v1
2025-12-18,2025-12-25,cporter202/API-mega-list,https://github.com/cporter202/API-mega-list,1279,2149,870,639,1,0.5424,0.209398,2437,288,heuristic_logistic_v1
2025-12-18,2025-12-25,gommzystudio/device-activity-tracker,https://github.com/gommzystudio/device-activity-tracker,1273,1447,174,636,0,0.7769,0.603574,2325,878,heuristic_logistic_v1
2025-12-18,2025-12-25,msanft/CVE-2025-55182,https://github.com/msanft/CVE-2025-55182,1258,1283,25,629,0,0.4154,0.172557,1925,642,heuristic_logistic_v1
2025-12-18,2025-12-25,actionstatelabs/android-action-kernel,https://github.com/actionstatelabs/android-action-kernel,1149,1216,67,574,0,0.8942,0.799594,2710,1494,heuristic_logistic_v1
2025-12-18,2025-12-25,eooce/Gla-deploy,https://github.com/eooce/Gla-deploy,1128,1249,121,564,0,0.9182,0.843091,3320,2071,heuristic_logistic_v1
2025-12-18,2025-12-25,cporter202/scraping-apis-for-devs,https://github.com/cporter202/scraping-apis-for-devs,1074,1130,56,537,0,0.6527,0.426017,2257,1127,heuristic_logistic_v1
2025-12-18,2025-12-25,Alibaba-Quark/LiveAvatar,https://github.com/Alibaba-Quark/LiveAvatar,1048,1193,145,524,0,0.6146,0.377733,1665,472,heuristic_logistic_v1
2025-12-18,2025-12-25,lachlan2k/React2Shell-CVE-2025-55182-original-poc,https://github.com/lachlan2k/React2Shell-CVE-2025-55182-original-poc,927,965,38,463,0,0.2185,0.047742,1391,426,heuristic_logistic_v1
2025-12-18,2025-12-25,durable-streams/durable-streams,https://github.com/durable-streams/durable-streams,858,1044,186,429,0,0.8487,0.720292,1446,402,heuristic_logistic_v1
2025-12-18,2025-12-25,TanShilongMario/PromptFill,https://github.com/TanShilongMario/PromptFill,792,1272,480,396,1,0.8077,0.036979,1398,126,heuristic_logistic_v1
2025-12-18,2025-12-25,tombcato/clash-ip-checker,https://github.com/tombcato/clash-ip-checker,752,825,73,376,0,0.8971,0.804788,2007,1182,heuristic_logistic_v1
2025-12-18,2025-12-25,zai-org/GLM-TTS,https://github.com/zai-org/GLM-TTS,718,792,74,359,0,0.8288,0.686909,1255,463,heuristic_logistic_v1
2025-12-18,2025-12-25,Maxteabag/sqlit,https://github.com/Maxteabag/sqlit,664,1954,1290,332,1,0.8856,0.013087,1822,132,heuristic_logistic_v1
2025-12-18,2025-12-25,gaearon/rscexplorer,https://github.com/gaearon/rscexplorer,643,867,224,321,0,0.919,0.844561,3785,2918,heuristic_logistic_v1
2025-12-18,2025-12-25,ZiHuixi/QQgroup-annual-report-analyzer,https://github.com/ZiHuixi/QQgroup-annual-report-analyzer,621,673,52,310,0,0.8718,0.760035,1379,706,heuristic_logistic_v1
2025-12-18,2025-12-25,tobi/qmd,https://github.com/tobi/qmd,586,599,13,293,0,0.7556,0.570931,1113,514,heuristic_logistic_v1
2025-12-18,2025-12-25,XiaomiMiMo/MiMo-V2-Flash,https://github.com/XiaomiMiMo/MiMo-V2-Flash,577,855,278,288,0,0.8888,0.789965,2599,1744,heuristic_logistic_v1
2025-12-18,2025-12-25,zai-org/GLM-ASR,https://github.com/zai-org/GLM-ASR,570,611,41,285,0,0.5981,0.357724,1106,495,heuristic_logistic_v1
2025-12-18,2025-12-25,typsusan-zzz/canvas-drawing-editor,https://github.com/typsusan-zzz/canvas-drawing-editor,544,539,-5,272,0,0.4123,0.169991,939,400,heuristic_logistic_v1
2025-12-18,2025-12-25,thu-ml/TurboDiffusion,https://github.com/thu-ml/TurboDiffusion,540,1827,1287,270,1,0.833,0.027889,938,889,heuristic_logistic_v1
2025-12-19,2025-12-26,zai-org/Open-AutoGLM,https://github.com/zai-org/Open-AutoGLM,17845,19535,1690,8922,0,0.959,0.919681,33523,13988,heuristic_logistic_v1
2025-12-19,2025-12-26,apple/ml-sharp,https://github.com/apple/ml-sharp,3180,5247,2067,1590,1,0.9365,0.004032,7395,2148,heuristic_logistic_v1
2025-12-19,2025-12-26,HKUDS/Paper2Slides,https://github.com/HKUDS/Paper2Slides,2337,2532,195,1168,0,0.9149,0.837042,4162,1630,heuristic_logistic_v1
2025-12-19,2025-12-26,mistralai/mistral-vibe,https://github.com/mistralai/mistral-vibe,2152,2339,187,1076,0,0.9054,0.819749,4068,1729,heuristic_logistic_v1
2025-12-19,2025-12-26,google/mcp,https://github.com/google/mcp,2046,2559,513,1023,0,0.8379,0.702076,3423,864,heuristic_logistic_v1
2025-12-19,2025-12-26,productdevbook/port-killer,https://github.com/productdevbook/port-killer,1968,2536,568,984,0,0.9401,0.883788,7702,5166,heuristic_logistic_v1
2025-12-19,2025-12-26,byJoey/ech-wk,https://github.com/byJoey/ech-wk,1414,1555,141,707,0,0.6317,0.399045,2309,754,heuristic_logistic_v1
2025-12-19,2025-12-26,cporter202/API-mega-list,https://github.com/cporter202/API-mega-list,1383,2168,785,691,1,0.4781,0.27238,2468,300,heuristic_logistic_v1
2025-12-19,2025-12-26,PastKing/tgbot-verify,https://github.com/PastKing/tgbot-verify,1352,1573,221,676,0,0.6691,0.447695,2293,720,heuristic_logistic_v1
2025-12-19,2025-12-26,gommzystudio/device-activity-tracker,https://github.com/gommzystudio/device-activity-tracker,1317,1458,141,658,0,0.7271,0.528674,2289,831,heuristic_logistic_v1
2025-12-19,2025-12-26,actionstatelabs/android-action-kernel,https://github.com/actionstatelabs/android-action-kernel,1166,1221,55,583,0,0.8628,0.744424,2530,1309,heuristic_logistic_v1
2025-12-19,2025-12-26,eooce/Gla-deploy,https://github.com/eooce/Gla-deploy,1149,1257,108,574,0,0.9133,0.834117,2997,1740,heuristic_logistic_v1
2025-12-19,2025-12-26,cporter202/scraping-apis-for-devs,https://github.com/cporter202/scraping-apis-for-devs,1089,1131,42,544,0,0.5839,0.340939,2112,981,heuristic_logistic_v1
2025-12-19,2025-12-26,lachlan2k/React2Shell-CVE-2025-55182-original-poc,https://github.com/lachlan2k/React2Shell-CVE-2025-55182-original-poc,936,968,32,468,0,0.1751,0.03066,1359,391,heuristic_logistic_v1
2025-12-19,2025-12-26,Maxteabag/sqlit,https://github.com/Maxteabag/sqlit,839,2115,1276,419,1,0.8626,0.018879,2059,56,heuristic_logistic_v1
2025-12-19,2025-12-26,TanShilongMario/PromptFill,https://github.com/TanShilongMario/PromptFill,810,1299,489,405,1,0.7623,0.056501,1369,70,heuristic_logistic_v1
2025-12-19,2025-12-26,tombcato/clash-ip-checker,https://github.com/tombcato/clash-ip-checker,777,830,53,388,0,0.8661,0.750129,1862,1032,heuristic_logistic_v1
2025-12-19,2025-12-26,gaearon/rscexplorer,https://github.com/gaearon/rscexplorer,754,876,122,377,0,0.9004,0.81072,3164,2288,heuristic_logistic_v1
2025-12-19,2025-12-26,zai-org/GLM-TTS,https://github.com/zai-org/GLM-TTS,738,795,57,369,0,0.787,0.619369,1238,443,heuristic_logistic_v1
2025-12-19,2025-12-26,thu-ml/TurboDiffusion,https://github.com/thu-ml/TurboDiffusion,693,2239,1546,346,1,0.8464,0.023593,1169,1070,heuristic_logistic_v1
2025-12-19,2025-12-26,XiaomiMiMo/MiMo-V2-Flash,https://github.com/XiaomiMiMo/MiMo-V2-Flash,683,867,184,341,0,0.8562,0.733078,2397,1530,heuristic_logistic_v1
2025-12-19,2025-12-26,ZiHuixi/QQgroup-annual-report-analyzer,https://github.com/ZiHuixi/QQgroup-annual-report-analyzer,628,677,49,314,0,0.8357,0.698394,1294,617,heuristic_logistic_v1
2025-12-19,2025-12-26,tobi/qmd,https://github.com/tobi/qmd,588,600,12,294,0,0.6989,0.488461,1055,455,heuristic_logistic_v1
2025-12-19,2025-12-26,zai-org/GLM-ASR,https://github.com/zai-org/GLM-ASR,576,619,43,288,0,0.5271,0.277834,1044,425,heuristic_logistic_v1
2025-12-19,2025-12-26,m0n0x41d/quint-code,https://github.com/m0n0x41d/quint-code,571,980,409,285,1,0.8674,0.017583,1189,209,heuristic_logistic_v1
2025-12-19,2025-12-26,ringtailsoftware/uvm32,https://github.com/ringtailsoftware/uvm32,546,577,31,273,0,0.8118,0.659019,935,358,heuristic_logistic_v1
2025-12-19,2025-12-26,typsusan-zzz/canvas-drawing-editor,https://github.com/typsusan-zzz/canvas-drawing-editor,546,539,-7,273,0,0.3468,0.12027,893,354,heuristic_logistic_v1
2025-12-19,2025-12-26,Tencent-Hunyuan/HY-WorldPlay,https://github.com/Tencent-Hunyuan/HY-WorldPlay,540,758,218,270,0,0.8595,0.73874,1088,330,heuristic_logistic_v1
2025-12-19,2025-12-26,farouqaldori/claude-island,https://github.com/farouqaldori/claude-island,526,551,25,263,0,0.5326,0.283663,926,375,heuristic_logistic_v1
2025-12-19,2025-12-26,meltylabs/chorus,https://github.com/meltylabs/chorus,518,542,24,259,0,0.6286,0.395138,1029,487,heuristic_logistic_v1
2025-12-22,2025-12-29,zai-org/Open-AutoGLM,https://github.com/zai-org/Open-AutoGLM,18600,19895,1295,9300,0,0.9643,0.929874,31458,11563,heuristic_logistic_v1
2025-12-22,2025-12-29,apple/ml-sharp,https://github.com/apple/ml-sharp,4604,6008,1404,2302,0,0.8782,0.771235,8799,2791,heuristic_logistic_v1
2025-12-22,2025-12-29,agentskills/agentskills,https://github.com/agentskills/agentskills,2927,3891,964,1463,0,0.9,0.81,7749,3858,heuristic_logistic_v1
2025-12-22,2025-12-29,productdevbook/port-killer,https://github.com/productdevbook/port-killer,2392,2636,244,1196,0,0.9296,0.864156,6013,3377,heuristic_logistic_v1
2025-12-22,2025-12-29,mistralai/mistral-vibe,https://github.com/mistralai/mistral-vibe,2249,2380,131,1124,0,0.8072,0.651572,3740,1360,heuristic_logistic_v1
2025-12-22,2025-12-29,cporter202/API-mega-list,https://github.com/cporter202/API-mega-list,1575,2237,662,787,0,0.2917,0.085089,2421,184,heuristic_logistic_v1
2025-12-22,2025-12-29,2025Emma/vibe-coding-cn,https://github.com/2025Emma/vibe-coding-cn,1297,3652,2355,648,1,0.7568,0.059146,3428,224,heuristic_logistic_v1
2025-12-22,2025-12-29,Maxteabag/sqlit,https://github.com/Maxteabag/sqlit,1271,2306,1035,635,1,0.8821,0.0139,2537,231,heuristic_logistic_v1
2025-12-22,2025-12-29,eooce/Gla-deploy,https://github.com/eooce/Gla-deploy,1216,1287,71,608,0,0.902,0.813604,2503,1216,heuristic_logistic_v1
2025-12-22,2025-12-29,Action-State-Labs/android-action-kernel,https://github.com/Action-State-Labs/android-action-kernel,1197,1231,34,598,0,0.8846,0.782517,2221,990,heuristic_logistic_v1
2025-12-22,2025-12-29,cporter202/scraping-apis-for-devs,https://github.com/cporter202/scraping-apis-for-devs,1109,1420,311,554,0,0.3726,0.138831,1795,375,heuristic_logistic_v1
2025-12-22,2025-12-29,DGoettlich/history-llms,https://github.com/DGoettlich/history-llms,1047,1253,206,523,0,0.8155,0.66504,2262,1009,heuristic_logistic_v1
2025-12-22,2025-12-29,m0n0x41d/quint-code,https://github.com/m0n0x41d/quint-code,897,988,91,448,0,0.8639,0.746323,1614,626,heuristic_logistic_v1
2025-12-22,2025-12-29,gaearon/rscexplorer,https://github.com/gaearon/rscexplorer,833,887,54,416,0,0.8384,0.702915,2113,1226,heuristic_logistic_v1
2025-12-22,2025-12-29,tombcato/clash-ip-checker,https://github.com/tombcato/clash-ip-checker,811,844,33,405,0,0.7291,0.531587,1542,698,heuristic_logistic_v1
2025-12-22,2025-12-29,XiaomiMiMo/MiMo-V2-Flash,https://github.com/XiaomiMiMo/MiMo-V2-Flash,800,894,94,400,0,0.7064,0.499001,1828,934,heuristic_logistic_v1
2025-12-22,2025-12-29,hezhizheng/go-wxpush,https://github.com/hezhizheng/go-wxpush,787,1031,244,393,0,0.8601,0.739772,1539,508,heuristic_logistic_v1
2025-12-22,2025-12-29,journey-ad/gemini-watermark-remover,https://github.com/journey-ad/gemini-watermark-remover,741,1441,700,370,1,0.917,0.006889,3201,1760,heuristic_logistic_v1
2025-12-22,2025-12-29,mmarinovic/tailwindsql,https://github.com/mmarinovic/tailwindsql,691,844,153,345,0,0.6519,0.424974,1541,697,heuristic_logistic_v1
2025-12-22,2025-12-29,Tencent-Hunyuan/HY-WorldPlay,https://github.com/Tencent-Hunyuan/HY-WorldPlay,653,784,131,326,0,0.7471,0.558158,1126,342,heuristic_logistic_v1
2025-12-22,2025-12-29,ZiHuixi/QQgroup-annual-report-analyzer,https://github.com/ZiHuixi/QQgroup-annual-report-analyzer,646,689,43,323,0,0.6839,0.467719,1118,429,heuristic_logistic_v1
2025-12-22,2025-12-29,Turbo1123/roubao,https://github.com/Turbo1123/roubao,631,787,156,315,0,0.6768,0.458058,1039,252,heuristic_logistic_v1
2025-12-22,2025-12-29,Lulzx/tinypdf,https://github.com/Lulzx/tinypdf,630,1148,518,315,1,0.8174,0.033343,2225,1077,heuristic_logistic_v1
2025-12-22,2025-12-29,MineDojo/NitroGen,https://github.com/MineDojo/NitroGen,605,1154,549,302,1,0.8177,0.033233,1783,629,heuristic_logistic_v1
2025-12-22,2025-12-29,zai-org/GLM-ASR,https://github.com/zai-org/GLM-ASR,594,628,34,297,0,0.3245,0.1053,922,294,heuristic_logistic_v1
2025-12-22,2025-12-29,tobi/qmd,https://github.com/tobi/qmd,591,602,11,295,0,0.8206,0.673384,980,378,heuristic_logistic_v1
2025-12-22,2025-12-29,QwenLM/Qwen-Image-Layered,https://github.com/QwenLM/Qwen-Image-Layered,574,1087,513,287,1,0.897,0.010609,1925,838,heuristic_logistic_v1
2025-12-22,2025-12-29,aiclientproxy/proxycast,https://github.com/aiclientproxy/proxycast,556,806,250,278,0,0.867,0.751689,1152,346,heuristic_logistic_v1
2025-12-22,2025-12-29,typsusan-zzz/canvas-drawing-editor,https://github.com/typsusan-zzz/canvas-drawing-editor,547,542,-5,273,0,0.1886,0.03557,795,253,heuristic_logistic_v1
2025-12-22,2025-12-29,farouqaldori/claude-island,https://github.com/farouqaldori/claude-island,541,579,38,270,0,0.3306,0.109296,825,246,heuristic_logistic_v1
2025-12-23,2025-12-30,apple/ml-sharp,https://github.com/apple/ml-sharp,4815,6146,1331,2407,0,0.8468,0.71707,8754,2608,heuristic_logistic_v1
2025-12-23,2025-12-30,agentskills/agentskills,https://github.com/agentskills/agentskills,3286,3967,681,1643,0,0.874,0.763876,7838,3871,heuristic_logistic_v1
2025-12-23,2025-12-30,productdevbook/port-killer,https://github.com/productdevbook/port-killer,2429,2660,231,1214,0,0.9073,0.823193,5570,2910,heuristic_logistic_v1
2025-12-23,2025-12-30,cporter202/API-mega-list,https://github.com/cporter202/API-mega-list,1895,2253,358,947,0,0.2522,0.063605,2816,563,heuristic_logistic_v1
2025-12-23,2025-12-30,2025Emma/vibe-coding-cn,https://github.com/2025Emma/vibe-coding-cn,1672,3917,2245,836,1,0.7182,0.079411,3943,26,heuristic_logistic_v1
2025-12-23,2025-12-30,Maxteabag/sqlit,https://github.com/Maxteabag/sqlit,1396,2339,943,698,1,0.8947,0.011088,2659,320,heuristic_logistic_v1
2025-12-23,2025-12-30,eooce/Gla-deploy,https://github.com/eooce/Gla-deploy,1232,1293,61,616,0,0.8736,0.763177,2389,1096,heuristic_logistic_v1
2025-12-23,2025-12-30,Action-State-Labs/android-action-kernel,https://github.com/Action-State-Labs/android-action-kernel,1204,1250,46,602,0,0.8526,0.726927,2134,884,heuristic_logistic_v1
2025-12-23,2025-12-30,cporter202/scraping-apis-for-devs,https://github.com/cporter202/scraping-apis-for-devs,1114,1473,359,557,0,0.3099,0.096038,1725,252,heuristic_logistic_v1
2025-12-23,2025-12-30,DGoettlich/history-llms,https://github.com/DGoettlich/history-llms,1106,1258,152,553,0,0.8744,0.764575,2275,1017,heuristic_logistic_v1
2025-12-23,2025-12-30,journey-ad/gemini-watermark-remover,https://github.com/journey-ad/gemini-watermark-remover,968,1496,528,484,1,0.9163,0.007006,3346,1850,heuristic_logistic_v1
2025-12-23,2025-12-30,m0n0x41d/quint-code,https://github.com/m0n0x41d/quint-code,927,995,68,463,0,0.8765,0.768252,1613,618,heuristic_logistic_v1
2025-12-23,2025-12-30,Lulzx/tinypdf,https://github.com/Lulzx/tinypdf,879,1162,283,439,0,0.7922,0.627581,2597,1435,heuristic_logistic_v1
2025-12-23,2025-12-30,gaearon/rscexplorer,https://github.com/gaearon/rscexplorer,853,891,38,426,0,0.7942,0.630754,1952,1061,heuristic_logistic_v1
2025-12-23,2025-12-30,hezhizheng/go-wxpush,https://github.com/hezhizheng/go-wxpush,852,1056,204,426,0,0.8283,0.686081,1579,523,heuristic_logistic_v1
2025-12-23,2025-12-30,XiaomiMiMo/MiMo-V2-Flash,https://github.com/XiaomiMiMo/MiMo-V2-Flash,827,906,79,413,0,0.8583,0.736679,1820,914,heuristic_logistic_v1
2025-12-23,2025-12-30,tombcato/clash-ip-checker,https://github.com/tombcato/clash-ip-checker,816,844,28,408,0,0.6693,0.447962,1463,619,heuristic_logistic_v1
2025-12-23,2025-12-30,muratcankoylan/Agent-Skills-for-Context-Engineering,https://github.com/muratcankoylan/Agent-Skills-for-Context-Engineering,812,4500,3688,406,1,0.9239,0.005791,4254,246,heuristic_logistic_v1
2025-12-23,2025-12-30,QwenLM/Qwen-Image-Layered,https://github.com/QwenLM/Qwen-Image-Layered,799,1144,345,399,0,0.8824,0.77863,2292,1148,heuristic_logistic_v1
2025-12-23,2025-12-30,MineDojo/NitroGen,https://github.com/MineDojo/NitroGen,767,1186,419,383,1,0.7854,0.046053,1977,791,heuristic_logistic_v1
2025-12-23,2025-12-30,mmarinovic/tailwindsql,https://github.com/mmarinovic/tailwindsql,762,995,233,381,0,0.5929,0.35153,1554,559,heuristic_logistic_v1
2025-12-23,2025-12-30,Tencent-Hunyuan/HY-WorldPlay,https://github.com/Tencent-Hunyuan/HY-WorldPlay,699,795,96,349,0,0.6982,0.487483,1155,360,heuristic_logistic_v1
2025-12-23,2025-12-30,gemini-cli-extensions/conductor,https://github.com/gemini-cli-extensions/conductor,695,1098,403,347,1,0.8823,0.013853,1737,639,heuristic_logistic_v1
2025-12-23,2025-12-30,Turbo1123/roubao,https://github.com/Turbo1123/roubao,682,801,119,341,0,0.6225,0.387506,1081,280,heuristic_logistic_v1
2025-12-23,2025-12-30,lwj2015/lightron,https://github.com/lwj2015/lightron,658,735,77,329,0,0.8664,0.750649,1521,786,heuristic_logistic_v1
2025-12-23,2025-12-30,ZiHuixi/QQgroup-annual-report-analyzer,https://github.com/ZiHuixi/QQgroup-annual-report-analyzer,656,694,38,328,0,0.6214,0.386138,1084,390,heuristic_logistic_v1
2025-12-23,2025-12-30,aiclientproxy/proxycast,https://github.com/aiclientproxy/proxycast,603,820,217,301,0,0.8517,0.725393,1178,358,heuristic_logistic_v1
2025-12-23,2025-12-30,zai-org/GLM-ASR,https://github.com/zai-org/GLM-ASR,601,632,31,300,0,0.2673,0.071449,898,266,heuristic_logistic_v1
2025-12-23,2025-12-30,GuDaStudio/skills,https://github.com/GuDaStudio/skills,586,855,269,293,0,0.8549,0.730854,1386,531,heuristic_logistic_v1
2025-12-23,2025-12-30,farouqaldori/claude-island,https://github.com/farouqaldori/claude-island,544,588,44,272,0,0.2731,0.074584,801,213,heuristic_logistic_v1
2025-12-24,2025-12-31,apple/ml-sharp,https://github.com/apple/ml-sharp,4961,6236,1275,2480,0,0.8086,0.653834,8621,2385,heuristic_logistic_v1
2025-12-24,2025-12-31,agentskills/agentskills,https://github.com/agentskills/agentskills,3467,4056,589,1733,0,0.8399,0.705432,7581,3525,heuristic_logistic_v1
2025-12-24,2025-12-31,productdevbook/port-killer,https://github.com/productdevbook/port-killer,2460,2687,227,1230,0,0.8794,0.773344,5222,2535,heuristic_logistic_v1
2025-12-24,2025-12-31,2025Emma/vibe-coding-cn,https://github.com/2025Emma/vibe-coding-cn,1974,4213,2239,987,1,0.6689,0.109627,4235,22,heuristic_logistic_v1
2025-12-24,2025-12-31,bellard/mquickjs,https://github.com/bellard/mquickjs,1806,4831,3025,903,1,0.9273,0.005285,11589,6758,heuristic_logistic_v1
2025-12-24,2025-12-31,Maxteabag/sqlit,https://github.com/Maxteabag/sqlit,1520,2461,941,760,1,0.8691,0.017135,2760,299,heuristic_logistic_v1
2025-12-24,2025-12-31,eooce/Gla-deploy,https://github.com/eooce/Gla-deploy,1241,1296,55,620,0,0.8388,0.703585,2283,987,heuristic_logistic_v1
2025-12-24,2025-12-31,Action-State-Labs/android-action-kernel,https://github.com/Action-State-Labs/android-action-kernel,1211,1255,44,605,0,0.814,0.662596,2058,803,heuristic_logistic_v1
2025-12-24,2025-12-31,muratcankoylan/Agent-Skills-for-Context-Engineering,https://github.com/muratcankoylan/Agent-Skills-for-Context-Engineering,1170,4774,3604,585,1,0.9306,0.004816,4607,167,heuristic_logistic_v1
2025-12-24,2025-12-31,DGoettlich/history-llms,https://github.com/DGoettlich/history-llms,1137,1264,127,568,0,0.8406,0.706608,2199,935,heuristic_logistic_v1
2025-12-24,2025-12-31,cporter202/scraping-apis-for-devs,https://github.com/cporter202/scraping-apis-for-devs,1123,1738,615,561,1,0.254,0.556516,1674,64,heuristic_logistic_v1
2025-12-24,2025-12-31,journey-ad/gemini-watermark-remover,https://github.com/journey-ad/gemini-watermark-remover,1067,1537,470,533,0,0.8999,0.80982,3132,1595,heuristic_logistic_v1
2025-12-24,2025-12-31,Lulzx/tinypdf,https://github.com/Lulzx/tinypdf,959,1183,224,479,0,0.7408,0.548785,2460,1277,heuristic_logistic_v1
2025-12-24,2025-12-31,m0n0x41d/quint-code,https://github.com/m0n0x41d/quint-code,954,996,42,477,0,0.8584,0.736851,1602,606,heuristic_logistic_v1
2025-12-24,2025-12-31,QwenLM/Qwen-Image-Layered,https://github.com/QwenLM/Qwen-Image-Layered,904,1168,264,452,0,0.8525,0.726756,2292,1124,heuristic_logistic_v1
2025-12-24,2025-12-31,hezhizheng/go-wxpush,https://github.com/hezhizheng/go-wxpush,892,1077,185,446,0,0.7879,0.620786,1575,498,heuristic_logistic_v1
2025-12-24,2025-12-31,gaearon/rscexplorer,https://github.com/gaearon/rscexplorer,862,892,30,431,0,0.7411,0.549229,1808,916,heuristic_logistic_v1
2025-12-24,2025-12-31,MineDojo/NitroGen,https://github.com/MineDojo/NitroGen,857,1231,374,428,0,0.888,0.788544,2061,830,heuristic_logistic_v1
2025-12-24,2025-12-31,XiaomiMiMo/MiMo-V2-Flash,https://github.com/XiaomiMiMo/MiMo-V2-Flash,843,912,69,421,0,0.8198,0.672072,1723,811,heuristic_logistic_v1
2025-12-24,2025-12-31,tombcato/clash-ip-checker,https://github.com/tombcato/clash-ip-checker,821,845,24,410,0,0.604,0.364816,1396,551,heuristic_logistic_v1
2025-12-24,2025-12-31,gemini-cli-extensions/conductor,https://github.com/gemini-cli-extensions/conductor,806,1133,327,403,0,0.8827,0.779159,1847,714,heuristic_logistic_v1
2025-12-24,2025-12-31,mmarinovic/tailwindsql,https://github.com/mmarinovic/tailwindsql,800,1046,246,400,0,0.5262,0.276886,1512,466,heuristic_logistic_v1
2025-12-24,2025-12-31,lwj2015/lightron,https://github.com/lwj2015/lightron,731,736,5,365,0,0.8337,0.695056,1558,822,heuristic_logistic_v1
2025-12-24,2025-12-31,Tencent-Hunyuan/HY-WorldPlay,https://github.com/Tencent-Hunyuan/HY-WorldPlay,718,808,90,359,0,0.8557,0.732222,1187,379,heuristic_logistic_v1
2025-12-24,2025-12-31,aiclientproxy/proxycast,https://github.com/aiclientproxy/proxycast,686,834,148,343,0,0.8676,0.75273,1283,449,heuristic_logistic_v1
2025-12-24,2025-12-31,ZiHuixi/QQgroup-annual-report-analyzer,https://github.com/ZiHuixi/QQgroup-annual-report-analyzer,666,705,39,333,0,0.5551,0.308136,1055,350,heuristic_logistic_v1
2025-12-24,2025-12-31,GuDaStudio/skills,https://github.com/GuDaStudio/skills,628,907,279,314,0,0.8537,0.728804,1374,467,heuristic_logistic_v1
2025-12-24,2025-12-31,yeahhe365/gemini-nexus,https://github.com/yeahhe365/gemini-nexus,607,799,192,303,0,0.8754,0.766325,1697,898,heuristic_logistic_v1
2025-12-24,2025-12-31,hugohe3/ppt-master,https://github.com/hugohe3/ppt-master,602,817,215,301,0,0.8293,0.687738,991,174,heuristic_logistic_v1
2025-12-24,2025-12-31,KalyanKS-NLP/LLM-Interview-Questions-and-Answers-Hub,https://github.com/KalyanKS-NLP/LLM-Interview-Questions-and-Answers-Hub,563,612,49,281,0,0.7735,0.598302,1291,679,heuristic_logistic_v1
2025-12-25,2026-01-01,apple/ml-sharp,https://github.com/apple/ml-sharp,5067,6281,1214,2533,0,0.7631,0.582322,8449,2168,heuristic_logistic_v1
2025-12-25,2026-01-01,agentskills/agentskills,https://github.com/agentskills/agentskills,3608,4108,500,1804,0,0.7986,0.637762,7325,3217,heuristic_logistic_v1
2025-12-25,2026-01-01,bellard/mquickjs,https://github.com/bellard/mquickjs,3065,4860,1795,1532,1,0.9435,0.003192,13715,8855,heuristic_logistic_v1
2025-12-25,2026-01-01,productdevbook/port-killer,https://github.com/productdevbook/port-killer,2472,2732,260,1236,0,0.845,0.714025,4910,2178,heuristic_logistic_v1
2025-12-25,2026-01-01,2025Emma/vibe-coding-cn,https://github.com/2025Emma/vibe-coding-cn,2265,4365,2100,1132,1,0.6147,0.148456,4486,121,heuristic_logistic_v1
2025-12-25,2026-01-01,muratcankoylan/Agent-Skills-for-Context-Engineering,https://github.com/muratcankoylan/Agent-Skills-for-Context-Engineering,1977,4995,3018,988,1,0.9377,0.003881,6429,1434,heuristic_logistic_v1
2025-12-25,2026-01-01,Maxteabag/sqlit,https://github.com/Maxteabag/sqlit,1950,2512,562,975,0,0.8481,0.719274,3398,886,heuristic_logistic_v1
2025-12-25,2026-01-01,eooce/Gla-deploy,https://github.com/eooce/Gla-deploy,1249,1299,50,624,0,0.7971,0.635368,2191,892,heuristic_logistic_v1
2025-12-25,2026-01-01,Action-State-Labs/android-action-kernel,https://github.com/Action-State-Labs/android-action-kernel,1216,1262,46,608,0,0.7683,0.590285,1989,727,heuristic_logistic_v1
2025-12-25,2026-01-01,DGoettlich/history-llms,https://github.com/DGoettlich/history-llms,1153,1267,114,576,0,0.7996,0.63936,2112,845,heuristic_logistic_v1
2025-12-25,2026-01-01,journey-ad/gemini-watermark-remover,https://github.com/journey-ad/gemini-watermark-remover,1135,1587,452,567,0,0.8701,0.757074,2932,1345,heuristic_logistic_v1
2025-12-25,2026-01-01,Lulzx/tinypdf,https://github.com/Lulzx/tinypdf,989,1191,202,494,0,0.8833,0.780219,2391,1200,heuristic_logistic_v1
2025-12-25,2026-01-01,QwenLM/Qwen-Image-Layered,https://github.com/QwenLM/Qwen-Image-Layered,964,1176,212,482,0,0.8771,0.769304,2247,1071,heuristic_logistic_v1
2025-12-25,2026-01-01,MineDojo/NitroGen,https://github.com/MineDojo/NitroGen,934,1248,314,467,0,0.8587,0.737366,2060,812,heuristic_logistic_v1
2025-12-25,2026-01-01,hezhizheng/go-wxpush,https://github.com/hezhizheng/go-wxpush,924,1087,163,462,0,0.7402,0.547896,1560,473,heuristic_logistic_v1
2025-12-25,2026-01-01,VibiumDev/vibium,https://github.com/VibiumDev/vibium,907,2017,1110,453,1,0.8507,0.02229,1532,485,heuristic_logistic_v1
2025-12-25,2026-01-01,gemini-cli-extensions/conductor,https://github.com/gemini-cli-extensions/conductor,886,1158,272,443,0,0.8531,0.72778,1877,719,heuristic_logistic_v1
2025-12-25,2026-01-01,gaearon/rscexplorer,https://github.com/gaearon/rscexplorer,867,894,27,433,0,0.8644,0.747187,1763,869,heuristic_logistic_v1
2025-12-25,2026-01-01,XiaomiMiMo/MiMo-V2-Flash,https://github.com/XiaomiMiMo/MiMo-V2-Flash,855,914,59,427,0,0.7735,0.598302,1638,724,heuristic_logistic_v1
2025-12-25,2026-01-01,tombcato/clash-ip-checker,https://github.com/tombcato/clash-ip-checker,825,850,25,412,0,0.5355,0.28676,1338,488,heuristic_logistic_v1
2025-12-25,2026-01-01,mmarinovic/tailwindsql,https://github.com/mmarinovic/tailwindsql,814,1071,257,407,0,0.4556,0.207571,1439,368,heuristic_logistic_v1
2025-12-25,2026-01-01,aiclientproxy/proxycast,https://github.com/aiclientproxy/proxycast,737,848,111,368,0,0.8623,0.743561,1322,474,heuristic_logistic_v1
2025-12-25,2026-01-01,lwj2015/lightron,https://github.com/lwj2015/lightron,732,736,4,366,0,0.7889,0.622363,1454,718,heuristic_logistic_v1
2025-12-25,2026-01-01,GuDaStudio/skills,https://github.com/GuDaStudio/skills,697,923,226,348,0,0.8187,0.67027,1419,496,heuristic_logistic_v1
2025-12-25,2026-01-01,yeahhe365/gemini-nexus,https://github.com/yeahhe365/gemini-nexus,633,804,171,316,0,0.8879,0.788366,1591,787,heuristic_logistic_v1
2025-12-25,2026-01-01,KalyanKS-NLP/LLM-Interview-Questions-and-Answers-Hub,https://github.com/KalyanKS-NLP/LLM-Interview-Questions-and-Answers-Hub,578,615,37,289,0,0.7185,0.516242,1213,598,heuristic_logistic_v1
2025-12-25,2026-01-01,meltylabs/chorus,https://github.com/meltylabs/chorus,538,560,22,269,0,0.8002,0.64032,874,314,heuristic_logistic_v1
2025-12-25,2026-01-01,FunAudioLLM/Fun-ASR,https://github.com/FunAudioLLM/Fun-ASR,528,599,71,264,0,0.8159,0.665693,992,393,heuristic_logistic_v1
2025-12-25,2026-01-01,aiflowy/aiflowy,https://github.com/aiflowy/aiflowy,522,930,408,261,1,0.8552,0.020967,1000,70,heuristic_logistic_v1
2025-12-25,2026-01-01,eyeblech/cinecli,https://github.com/eyeblech/cinecli,515,654,139,257,0,0.8733,0.762653,1710,1056,heuristic_logistic_v1
2025-12-26,2026-01-02,apple/ml-sharp,https://github.com/apple/ml-sharp,5243,6313,1070,2621,0,0.7124,0.507514,8417,2104,heuristic_logistic_v1
2025-12-26,2026-01-02,bellard/mquickjs,https://github.com/bellard/mquickjs,4048,4887,839,2024,0,0.9299,0.864714,14304,9417,heuristic_logistic_v1
2025-12-26,2026-01-02,agentskills/agentskills,https://github.com/agentskills/agentskills,3714,4169,455,1857,0,0.75,0.5625,7067,2898,heuristic_logistic_v1
2025-12-26,2026-01-02,muratcankoylan/Agent-Skills-for-Context-Engineering,https://github.com/muratcankoylan/Agent-Skills-for-Context-Engineering,2961,5131,2170,1480,1,0.9325,0.004556,8343,3212,heuristic_logistic_v1
2025-12-26,2026-01-02,2025Emma/vibe-coding-cn,https://github.com/2025Emma/vibe-coding-cn,2591,4591,2000,1295,1,0.5582,0.195187,4794,203,heuristic_logistic_v1
2025-12-26,2026-01-02,productdevbook/port-killer,https://github.com/productdevbook/port-killer,2536,2755,219,1268,0,0.8052,0.648347,4753,1998,heuristic_logistic_v1
2025-12-26,2026-01-02,Maxteabag/sqlit,https://github.com/Maxteabag/sqlit,2115,2555,440,1057,0,0.8883,0.789077,3594,1039,heuristic_logistic_v1
2025-12-26,2026-01-02,VibiumDev/vibium,https://github.com/VibiumDev/vibium,1494,2041,547,747,0,0.8431,0.710818,2448,407,heuristic_logistic_v1
2025-12-26,2026-01-02,eooce/Gla-deploy,https://github.com/eooce/Gla-deploy,1257,1304,47,628,0,0.7484,0.560103,2111,807,heuristic_logistic_v1
2025-12-26,2026-01-02,journey-ad/gemini-watermark-remover,https://github.com/journey-ad/gemini-watermark-remover,1236,1623,387,618,0,0.8362,0.69923,2881,1258,heuristic_logistic_v1
2025-12-26,2026-01-02,DGoettlich/history-llms,https://github.com/DGoettlich/history-llms,1204,1277,73,602,0,0.7538,0.568214,2100,823,heuristic_logistic_v1
2025-12-26,2026-01-02,Lulzx/tinypdf,https://github.com/Lulzx/tinypdf,1045,1202,157,522,0,0.8514,0.724882,2312,1110,heuristic_logistic_v1
2025-12-26,2026-01-02,QwenLM/Qwen-Image-Layered,https://github.com/QwenLM/Qwen-Image-Layered,996,1184,188,498,0,0.8727,0.761605,2153,969,heuristic_logistic_v1
2025-12-26,2026-01-02,MineDojo/NitroGen,https://github.com/MineDojo/NitroGen,978,1265,287,489,0,0.8214,0.674698,2003,738,heuristic_logistic_v1
2025-12-26,2026-01-02,hezhizheng/go-wxpush,https://github.com/hezhizheng/go-wxpush,939,1098,159,469,0,0.685,0.469225,1522,424,heuristic_logistic_v1
2025-12-26,2026-01-02,gemini-cli-extensions/conductor,https://github.com/gemini-cli-extensions/conductor,924,1184,260,462,0,0.8151,0.664388,1830,646,heuristic_logistic_v1
2025-12-26,2026-01-02,gaearon/rscexplorer,https://github.com/gaearon/rscexplorer,876,901,25,438,0,0.8484,0.719783,1684,783,heuristic_logistic_v1
2025-12-26,2026-01-02,XiaomiMiMo/MiMo-V2-Flash,https://github.com/XiaomiMiMo/MiMo-V2-Flash,867,917,50,433,0,0.7201,0.518544,1568,651,heuristic_logistic_v1
2025-12-26,2026-01-02,tombcato/clash-ip-checker,https://github.com/tombcato/clash-ip-checker,830,852,22,415,0,0.4662,0.217342,1291,439,heuristic_logistic_v1
2025-12-26,2026-01-02,mmarinovic/tailwindsql,https://github.com/mmarinovic/tailwindsql,825,1103,278,412,0,0.3873,0.150001,1378,275,heuristic_logistic_v1
2025-12-26,2026-01-02,aiclientproxy/proxycast,https://github.com/aiclientproxy/proxycast,767,877,110,383,0,0.8597,0.739084,1327,450,heuristic_logistic_v1
2025-12-26,2026-01-02,GuDaStudio/skills,https://github.com/GuDaStudio/skills,736,957,221,368,0,0.7756,0.601555,1406,449,heuristic_logistic_v1
2025-12-26,2026-01-02,lwj2015/lightron,https://github.com/lwj2015/lightron,732,736,4,366,0,0.7364,0.542285,1366,630,heuristic_logistic_v1
2025-12-26,2026-01-02,yeahhe365/gemini-nexus,https://github.com/yeahhe365/gemini-nexus,646,806,160,323,0,0.8544,0.729999,1474,668,heuristic_logistic_v1
2025-12-26,2026-01-02,antonmedv/textarea,https://github.com/antonmedv/textarea,613,1267,654,306,1,0.8662,0.017902,2273,1006,heuristic_logistic_v1
2025-12-26,2026-01-02,KalyanKS-NLP/LLM-Interview-Questions-and-Answers-Hub,https://github.com/KalyanKS-NLP/LLM-Interview-Questions-and-Answers-Hub,588,618,30,294,0,0.6565,0.430992,1144,526,heuristic_logistic_v1
2025-12-26,2026-01-02,aiflowy/aiflowy,https://github.com/aiflowy/aiflowy,578,975,397,289,1,0.8525,0.021756,1059,84,heuristic_logistic_v1
2025-12-26,2026-01-02,eyeblech/cinecli,https://github.com/eyeblech/cinecli,553,661,108,276,0,0.8368,0.700234,1562,901,heuristic_logistic_v1
2025-12-26,2026-01-02,FunAudioLLM/Fun-ASR,https://github.com/FunAudioLLM/Fun-ASR,543,603,60,271,0,0.772,0.595984,969,366,heuristic_logistic_v1
2025-12-26,2026-01-02,Shichun-Liu/Agent-Memory-Paper-List,https://github.com/Shichun-Liu/Agent-Memory-Paper-List,530,640,110,265,0,0.4794,0.229824,839,199,heuristic_logistic_v1
